dni_pac,telefono,celular,direccion,mail
967597385,+41 203 339 0504,+57 722 907 7201,Pine View,strillow0@is.gd
398310454,+86 913 129 4605,+62 268 398 6125,Lakewood Gardens,hsubhan1@marketwatch.com
747423510,+1 696 710 1121,+1 619 549 4324,Thackeray,mbeaty2@ucoz.ru
345861315,+7 188 329 1942,+232 792 569 1668,Mcguire,epriestner3@blinklist.com
423821255,+374 215 639 7255,+62 999 622 2115,Green Ridge,broseman4@un.org
923135285,+86 739 628 3864,+880 176 118 5572,Westridge,msherebrooke5@patch.com
444466405,+63 764 963 5914,+27 844 144 9895,Mosinee,lhaysar6@posterous.com
901646134,+380 434 524 4403,+359 376 293 7556,Rigney,fmoston7@nba.com
225257838,+381 830 171 4696,+382 344 743 9231,Thackeray,rmouatt8@fema.gov
250970243,+86 773 406 9085,+52 456 841 1031,Leroy,hgounel9@toplist.cz
402442033,+227 350 341 7592,+48 284 375 0159,Cherokee,jbacopa@wp.com
918655951,+86 970 776 9862,+62 218 989 0868,Nevada,galleryb@paypal.com
290776308,+254 624 354 0553,+237 232 544 0404,Loomis,bvideanc@tuttocitta.it
536849866,+86 553 326 6399,+7 846 175 9566,Homewood,bstopfordd@altervista.org
711677414,+62 720 138 9582,+591 819 959 5259,Arrowood,rhambletone@amazon.com
141949358,+234 536 224 8179,+380 677 814 6244,Scofield,tmcquilliamf@webeden.co.uk
708196437,+963 873 458 1884,+62 947 520 0466,Green Ridge,rfaraharg@oracle.com
602877793,+7 386 844 0567,+7 271 162 7736,Tony,hsetonh@cmu.edu
939121212,+27 123 265 5193,+212 156 623 2322,Lunder,tcadneyi@utexas.edu
044167742,+63 692 702 4932,+86 249 887 7385,Main,okliemannj@digg.com
431573498,+1 919 677 4905,+54 197 145 1021,Goodland,emacgrathk@merriam-webster.com
268062802,+62 662 377 7049,+263 709 307 2937,Elmside,zglavinl@mapquest.com
411941480,+86 380 197 1701,+373 297 354 9096,Randy,abaertm@so-net.ne.jp
050063716,+45 349 486 8369,+33 972 131 3498,Farmco,ftawtonn@bandcamp.com
411941480,+98 552 462 5779,+86 850 643 3505,Forest Dale,dpeintono@statcounter.com
711722799,+351 874 439 4297,+86 277 875 0451,Buena Vista,bedmonstonp@springer.com
267686360,+48 373 336 8596,+62 427 769 4574,Mcbride,dhevnerq@whitehouse.gov
901646134,+251 386 543 7948,+54 534 373 6266,Forest,whindrickr@nbcnews.com
744789443,+81 670 645 6813,+55 449 905 3567,Northview,lmynetts@constantcontact.com
658965656,+46 778 383 2836,+7 539 959 8766,Schiller,bhargittt@mozilla.com
483655881,+48 758 843 2830,+33 138 409 8898,Evergreen,agraftonherbertu@netscape.com
789121511,+86 704 149 1170,+60 220 304 7802,Hallows,asquiresv@cnbc.com
707286749,+420 119 897 2923,+86 675 731 2537,Dryden,rseckerw@reuters.com
893144716,+86 130 929 6146,+57 766 877 5432,Porter,ebettridgex@is.gd
539785121,+27 114 575 3324,+62 166 425 9560,Carberry,dduckfieldy@accuweather.com
271949829,+62 716 125 2001,+62 235 200 8972,Butternut,aticknerz@bandcamp.com
050063716,+212 604 362 3080,+420 158 923 5205,Rowland,alailey10@github.com
827177855,+33 807 607 6638,+66 923 717 3375,Manitowish,ilindup11@ning.com
191980487,+48 995 627 5952,+353 994 134 4706,Glacier Hill,estorry12@so-net.ne.jp
411941480,+86 330 175 4225,+420 514 881 5618,Talisman,ceverest13@diigo.com
880305341,+57 694 788 7302,+420 541 322 4924,Quincy,elinneman14@arstechnica.com
896473043,+1 388 890 1914,+86 651 852 4798,Menomonie,badanez15@sourceforge.net
870769624,+63 639 250 6080,+63 123 954 1917,Waywood,pblatcher16@slate.com
796142335,+52 733 509 9466,+86 686 909 1643,Jenifer,tyetton17@spotify.com
636781762,+86 139 946 5314,+62 994 780 2421,Twin Pines,csyde18@hud.gov
925817715,+1 654 323 3442,+7 850 566 6353,Dahle,eginnell19@yale.edu
622402062,+93 752 584 8239,+502 133 565 9769,Springview,fmcgowan1a@berkeley.edu
290776308,+62 787 425 5321,+62 738 966 0171,Steensland,cgocher1b@cisco.com
137503227,+63 868 972 2560,+86 929 510 2745,Clarendon,tkiddey1c@bizjournals.com
870769624,+1 903 952 3559,+60 465 292 8835,Forest,bharragin1d@sciencedaily.com
398310454,+86 547 556 4510,+86 238 149 6056,Northport,pcrauford1e@timesonline.co.uk
591854296,+507 802 635 0316,+961 295 341 7885,Corry,dspira1f@opensource.org
416806386,+86 381 243 8248,+62 610 355 2856,Stone Corner,mmercik1g@apache.org
294987785,+374 304 135 5103,+261 205 604 5759,Melby,astraun1h@ning.com
707286749,+420 215 169 8945,+63 377 139 0693,Del Mar,aemma1i@ustream.tv
332653673,+63 606 257 2762,+509 165 734 4536,Rusk,aimlock1j@tmall.com
939931583,+62 382 510 2673,+20 737 907 7446,Northfield,hallan1k@ovh.net
504511292,+52 497 937 9268,+86 671 545 3099,Mallard,acannon1l@ftc.gov
580148169,+63 495 179 6966,+380 510 524 1103,Fairview,cferry1m@wired.com
592662051,+51 949 889 5352,+27 963 687 4999,Dovetail,asummersett1n@netscape.com
827177855,+62 290 995 2779,+86 816 988 3264,Donald,rspilstead1o@dot.gov
748480584,+63 623 177 5167,+34 823 673 4646,Oak Valley,tfritche1p@storify.com
918655951,+260 984 241 7692,+7 892 140 6378,Sage,nmarkey1q@theatlantic.com
033621681,+55 402 923 5217,+86 671 371 2848,Sundown,bmulcahy1r@patch.com
225257838,+47 720 402 9911,+48 170 699 5322,Nevada,ggurnell1s@ed.gov
708196437,+86 561 580 9319,+62 468 199 1981,Loeprich,walsobrook1t@independent.co.uk
416806386,+94 905 143 7518,+62 524 373 9643,Steensland,mverzey1u@csmonitor.com
859052988,+86 163 839 6359,+48 621 670 1298,Barby,aplayer1v@theatlantic.com
441114393,+55 378 495 9898,+55 714 245 6365,Reinke,adagostini1w@unesco.org
569063966,+51 498 681 9389,+7 179 240 3490,Tennyson,mrozenzweig1x@domainmarket.com
539785121,+92 497 277 4291,+86 924 653 9109,Weeping Birch,plumsdon1y@wufoo.com
309720331,+351 197 948 6867,+355 937 734 2570,Di Loreto,hletford1z@opensource.org
923135285,+48 850 530 2650,+63 654 246 2430,Debs,boscanlon20@ezinearticles.com
466357763,+1 475 208 5191,+86 525 834 5908,Fairview,tcrowe21@netlog.com
029933633,+976 816 561 1695,+48 499 427 4112,Cardinal,mpenticost22@nytimes.com
345861315,+380 301 761 7022,+63 663 486 4162,Pawling,lrosita23@ocn.ne.jp
804397380,+7 957 269 6367,+63 766 301 7991,8th,mleathem24@irs.gov
270465584,+55 413 800 5749,+55 697 118 8163,Norway Maple,dchowne25@odnoklassniki.ru
598069258,+1 994 167 0820,+49 663 156 3755,Jenifer,sdurak26@amazon.co.jp
986923578,+86 381 150 9661,+1 635 743 8925,Stang,amclaggan27@wikispaces.com
598934537,+420 458 112 1466,+7 419 738 4278,Sheridan,oyoules28@webmd.com
900335167,+1 212 663 1401,+226 947 678 8093,Rusk,belphinstone29@telegraph.co.uk
040424072,+46 305 953 7773,+82 962 608 4100,Melvin,aspincke2a@ow.ly
334634943,+1 510 387 2526,+381 135 265 0662,Meadow Ridge,mhandyside2b@google.ru
225257838,+976 871 288 7620,+63 488 300 6236,Fallview,jarthy2c@wordpress.com
097426293,+55 189 562 4486,+7 984 841 1725,Dahle,gtschierasche2d@cdc.gov
140709463,+92 643 339 0977,+48 442 537 5268,Sheridan,fhowgill2e@npr.org
402388074,+33 886 352 1563,+62 920 229 5994,Ohio,mdurtnel2f@jugem.jp
944735695,+54 584 334 2593,+86 196 563 0060,Summerview,sschrader2g@vinaora.com
559436020,+86 954 848 5582,+86 672 260 2841,Bobwhite,hchallace2h@microsoft.com
789121511,+62 541 229 0305,+54 471 302 4933,Bartelt,svanyatin2i@nasa.gov
804653406,+52 580 351 2311,+7 526 122 3007,High Crossing,dcobbe2j@elpais.com
333091407,+33 590 737 7335,+7 294 361 9997,Merry,mpannett2k@csmonitor.com
565966857,+7 643 160 2200,+242 922 884 2567,Graedel,edevoiels2l@gizmodo.com
128585253,+62 976 223 1801,+54 199 271 5279,4th,ldoncaster2m@youtu.be
517124816,+62 855 941 3496,+30 324 115 6504,Elka,jdibsdale2n@fastcompany.com
128585253,+261 649 483 7888,+55 834 110 7084,Canary,cdevaen2o@blogs.com
625817007,+86 957 968 3454,+86 210 505 4593,Carey,lgreiser2p@berkeley.edu
493561953,+380 250 291 9256,+49 878 499 4125,Coleman,mkolin2q@pcworld.com
820455346,+81 547 340 7602,+55 884 225 2894,Nancy,elangcaster2r@miitbeian.gov.cn
559764488,+351 988 617 1023,+63 554 867 3782,Buena Vista,bosherrin2s@quantcast.com
711677414,+62 931 642 3913,+1 561 188 4249,Pleasure,mwhatley2t@youtube.com
029933633,+33 134 683 2116,+30 587 822 2172,Badeau,isolly2u@wunderground.com
191980487,+374 434 182 5602,+86 992 320 8714,Sunfield,zbaptie2v@huffingtonpost.com
918879667,+84 582 487 9849,+7 589 901 7129,Veith,mbrownsell2w@hao123.com
075565185,+850 125 479 5786,+30 328 263 9699,Larry,mmoreland2x@people.com.cn
539785121,+86 528 595 2237,+86 396 676 6232,Darwin,spasby2y@desdev.cn
598934537,+86 395 583 0361,+63 487 181 4646,Thompson,cbreckwell2z@sciencedirect.com
880616606,+86 630 216 8876,+52 640 161 9773,Hayes,mregardsoe30@amazon.co.uk
589173941,+63 898 176 8907,+86 756 390 6764,Montana,rmckiernan31@huffingtonpost.com
160167923,+27 509 479 3212,+1 856 843 4852,Surrey,byea32@devhub.com
302111256,+86 587 706 3496,+94 704 169 8410,Dawn,rdowyer33@statcounter.com
326772435,+86 729 313 4726,+998 528 786 8407,Wayridge,csteinor34@skype.com
602877793,+7 475 443 7886,+93 284 392 4585,Maryland,ppetroff35@storify.com
010007197,+234 410 931 7187,+86 464 384 7606,Kim,ibarcroft36@zdnet.com
281274644,+62 400 773 5053,+58 406 898 4167,Park Meadow,dcaldeyroux37@cloudflare.com
885984346,+380 357 651 2956,+86 433 973 8278,Grover,rsutton38@youtube.com
804397380,+7 188 341 3184,+86 575 199 2841,Basil,jneilson39@cisco.com
673295004,+48 938 302 5177,+62 931 636 4949,Red Cloud,rgodbehere3a@sciencedaily.com
944735695,+86 341 879 2363,+386 505 514 1531,Commercial,gbenzies3b@toplist.cz
230640713,+55 469 401 9579,+380 464 455 7593,Mandrake,bmacdunleavy3c@hud.gov
787405090,+504 842 530 6856,+86 520 342 5297,Welch,emenicomb3d@dailymail.co.uk
540612493,+223 582 590 6505,+51 331 378 1784,Morning,trawcliffe3e@princeton.edu
901646134,+62 854 860 8134,+86 371 132 6369,Maywood,lsail3f@hatena.ne.jp
634191325,+30 100 428 2338,+63 750 660 5775,Anderson,bpowney3g@answers.com
152786072,+1 704 407 1185,+63 549 466 9064,Sauthoff,blittlejohn3h@issuu.com
334634943,+381 354 424 3306,+504 175 356 2160,Sachtjen,karmin3i@people.com.cn
602877793,+86 676 648 9493,+52 587 602 6171,Magdeline,drolling3j@drupal.org
280461898,+30 666 816 4276,+1 330 385 7654,Sunfield,sdonisi3k@vimeo.com
224848744,+62 204 431 9837,+54 853 157 9753,Surrey,ccobb3l@wikispaces.com
536849866,+62 466 566 1835,+86 224 833 9563,Green,malelsandrovich3m@oracle.com
433109404,+46 478 607 9716,+7 379 121 9885,Summerview,dcridlon3n@umich.edu
461700807,+82 626 509 1968,+353 319 726 4676,Sullivan,dpolon3o@soup.io
402388074,+63 630 214 2707,+353 801 491 4926,Heffernan,dburchett3p@sina.com.cn
286007887,+34 512 273 7751,+66 603 577 7864,Vera,cberrow3q@comsenz.com
567633475,+55 884 277 0688,+1 612 858 3385,Sullivan,ieustace3r@cisco.com
635777800,+502 270 943 7464,+62 844 945 6831,Bartelt,glequesne3s@google.com.br
711677414,+62 885 891 6372,+98 923 961 3275,Milwaukee,rmugleston3t@tuttocitta.it
135092095,+86 259 776 1615,+54 239 571 9357,Service,roret3u@miibeian.gov.cn
657740247,+86 206 768 3161,+52 679 591 8179,Westport,bsterrick3v@ftc.gov
804397380,+86 605 118 6803,+386 300 729 5355,Burning Wood,vbortoluzzi3w@last.fm
444466405,+351 814 479 6655,+86 603 711 9250,Schmedeman,gdyott3x@etsy.com
195254381,+7 389 639 5842,+48 122 697 2566,Heffernan,cdomingues3y@qq.com
893144716,+86 908 282 8617,+351 704 647 7103,Veith,mcurme3z@senate.gov
271949829,+62 112 312 5811,+63 297 817 6309,Butternut,dtakkos40@home.pl
893144716,+1 407 440 2952,+86 195 277 6656,Hudson,aodougherty41@elpais.com
598934537,+351 603 196 8071,+63 496 925 2171,Pennsylvania,cdanaher42@4shared.com
158496457,+36 624 693 2581,+7 165 629 7187,Laurel,ireid43@squidoo.com
545821703,+358 321 546 0615,+63 383 884 2619,Eggendart,dsummersett44@t-online.de
333091407,+62 716 586 7774,+47 251 120 0090,Almo,kwebling45@ihg.com
526133239,+7 626 500 8959,+46 959 344 9015,Delladonna,hstoner46@vimeo.com
925817715,+420 879 487 8910,+505 251 922 3171,Lindbergh,whaster47@elpais.com
539785121,+86 840 139 9090,+380 698 329 2875,Lillian,dlemarchand48@tmall.com
789121511,+51 963 378 3165,+62 342 318 1133,Gale,bburch49@gnu.org
144757265,+509 471 495 4420,+260 160 692 2864,Old Gate,abackshaw4a@shop-pro.jp
270465584,+58 580 651 2683,+33 218 711 8294,Judy,chindsberg4b@ovh.net
561603629,+30 167 337 0817,+86 904 939 5070,Fuller,ahanlin4c@quantcast.com
922591094,+60 243 255 1238,+27 644 192 7725,Washington,ddebellis4d@imgur.com
493561953,+51 508 753 4339,+63 675 755 3090,Division,aadnet4e@smugmug.com
821800873,+251 730 284 5544,+63 999 377 7571,Farmco,jdagostino4f@webeden.co.uk
286007887,+55 687 959 2165,+63 975 258 2323,Hallows,asarjeant4g@github.io
281274644,+856 812 839 5444,+81 852 309 6141,Arkansas,chedingham4h@theatlantic.com
195254381,+358 369 734 6389,+86 655 579 2177,Eggendart,rendrizzi4i@mediafire.com
033621681,+46 860 325 7624,+86 348 762 5721,Jenna,vlande4j@live.com
461700807,+86 906 793 2056,+7 689 139 2421,Melby,erathbone4k@paginegialle.it
708196437,+595 351 415 3873,+86 940 664 5772,Independence,aoruane4l@marriott.com
804397380,+63 881 651 1634,+7 636 289 6943,Lakewood Gardens,grutherforth4m@domainmarket.com
747423510,+351 499 491 7638,+56 552 423 6008,Merchant,khaugh4n@discovery.com
545821703,+383 555 549 0219,+62 694 378 7112,Arrowood,nsloegrave4o@dropbox.com
589173941,+86 450 583 4676,+62 426 591 4059,Ludington,dcastagno4p@gov.uk
653923564,+86 190 248 3149,+33 433 222 9284,Bellgrove,jmenichelli4q@uiuc.edu
444466405,+93 544 217 1697,+976 700 323 2165,Westridge,clitton4r@usa.gov
191980487,+7 407 670 3091,+7 431 529 0494,Harbort,kquiney4s@cnn.com
230640713,+1 615 878 5145,+234 156 739 3861,Pennsylvania,pkier4t@sciencedirect.com
211277066,+995 537 701 0914,+63 554 952 0971,Bellgrove,aheath4u@cbslocal.com
195254381,+86 258 413 3903,+62 855 523 4948,Hermina,nmcknockiter4v@google.fr
939931583,+86 784 516 9345,+62 477 136 8758,Haas,dhachard4w@wufoo.com
676638917,+86 814 692 2356,+86 425 120 2192,Parkside,akarsh4x@skype.com
144757265,+254 314 730 5286,+7 763 207 2611,Shoshone,gprettyman4y@discovery.com
939562989,+353 785 567 3556,+86 427 601 6717,Dwight,ulaval4z@java.com
986923578,+81 688 509 7488,+86 523 781 6782,Utah,creye50@ameblo.jp
211277066,+62 781 782 7011,+351 473 534 1208,Continental,jchatan51@posterous.com
501508904,+48 552 491 9409,+51 414 433 5080,Spaight,zmartijn52@sbwire.com
152786072,+359 658 522 6347,+86 935 898 8104,Browning,econnikie53@wikispaces.com
050063716,+998 852 332 5177,+86 464 834 2943,Glendale,rzima54@irs.gov
410491264,+86 421 198 0778,+63 275 625 7061,Pearson,sfalloon55@twitter.com
580148169,+420 405 276 7927,+63 180 440 1271,Fulton,sfells56@skyrock.com
444466405,+380 896 382 0232,+353 710 961 2552,Gina,gmeo57@nba.com
493561953,+86 411 849 9745,+1 251 737 1439,Kennedy,gmitcheson58@ted.com
781495999,+62 378 351 9981,+62 192 195 7550,Dryden,mbasketter59@google.co.jp
471386205,+62 363 454 9274,+33 212 187 5590,Saint Paul,jcamerana5a@tripadvisor.com
539785121,+7 380 912 6187,+251 884 915 7309,Cherokee,ffeatherstone5b@yahoo.com
594334055,+358 601 690 6580,+48 855 551 0726,Sullivan,taloshkin5c@constantcontact.com
887478363,+86 970 656 4257,+380 621 943 4781,Bartelt,rwilsee5d@altervista.org
590805416,+420 398 626 3375,+1 159 878 3821,4th,kmckirdy5e@ft.com
280461898,+420 728 294 9239,+386 864 607 4395,Amoth,gscaysbrook5f@dmoz.org
717595146,+61 438 902 3822,+86 895 635 4805,Lindbergh,jhildred5g@squarespace.com
517124816,+420 539 114 2759,+86 442 119 5520,Cody,fklarzynski5h@hibu.com
410491264,+52 256 311 3527,+63 310 220 7097,Menomonie,hsuett5i@japanpost.jp
431573498,+86 248 997 1011,+386 861 294 9544,Reindahl,aingolotti5j@parallels.com
944735695,+81 817 980 4470,+86 609 832 9060,Schlimgen,cbatcheldor5k@cnbc.com
539785121,+216 948 191 2654,+256 495 966 3340,Eastlawn,lvanderkruys5l@themeforest.net
402442033,+48 230 585 9401,+86 822 645 8387,Gerald,mwinscom5m@deliciousdays.com
928309727,+55 260 148 7552,+62 816 305 9931,Mallory,ghefforde5n@people.com.cn
210125546,+967 644 781 0327,+46 113 711 2386,Montana,smaryska5o@angelfire.com
820455346,+86 914 376 4811,+33 188 561 1168,Forest,nstuddal5p@ovh.net
411941480,+52 974 147 9810,+86 519 522 0685,Derek,cdudley5q@tamu.edu
592662051,+46 235 543 0085,+420 243 804 7255,Dahle,ykarlmann5r@wp.com
986923578,+380 829 257 2090,+255 573 111 3018,Utah,venrrico5s@quantcast.com
956476225,+1 571 302 6774,+598 666 366 3862,Scoville,dhallgath5t@cbc.ca
789121511,+62 794 264 9415,+216 703 482 2231,Badeau,rswalwell5u@1688.com
540612493,+86 417 624 4345,+63 486 255 2993,Oak,hhenderson5v@freewebs.com
744789443,+974 330 160 4337,+81 123 681 7942,Upham,wkelner5w@ning.com
210356367,+81 891 165 2707,+420 533 681 8389,Valley Edge,mberryman5x@wufoo.com
302111256,+62 121 482 8783,+86 243 863 8517,Green Ridge,rsachno5y@lulu.com
779297267,+86 331 350 1633,+351 220 380 3411,Hintze,kblayney5z@biblegateway.com
967597385,+86 203 800 8681,+62 592 210 0363,Bultman,gnewrick60@scribd.com
271949829,+81 283 784 0893,+64 953 380 1840,Fieldstone,msheron61@1und1.de
956476225,+998 241 280 7331,+86 351 465 1935,Lakewood Gardens,kfolke62@dot.gov
594334055,+86 594 688 0232,+30 417 769 8558,Redwing,agrayne63@cnn.com
504864714,+86 720 393 5284,+358 569 222 1478,Kinsman,bwartnaby64@furl.net
163280673,+63 870 289 6437,+351 828 585 8308,Magdeline,jkirstein65@reddit.com
893144716,+62 725 160 9992,+46 723 968 1830,School,lmalthus66@yolasite.com
097426293,+66 942 805 9895,+86 989 101 7110,Independence,csaura67@paginegialle.it
673295004,+375 186 349 3303,+994 780 782 2519,Melby,scastrillo68@dedecms.com
598069258,+1 917 236 6562,+92 629 803 8220,8th,amalmar69@fotki.com
880616606,+48 128 781 7820,+62 431 452 0302,Carpenter,pclampe6a@indiatimes.com
559764488,+7 291 444 1612,+229 141 152 9601,Pleasure,kbrachell6b@flavors.me
286007887,+62 269 803 5525,+63 489 628 2239,Schurz,ogillham6c@netlog.com
919132445,+351 822 234 0718,+63 463 589 1719,Drewry,rzini6d@e-recht24.de
583378518,+351 421 808 5309,+389 272 838 3055,Tennessee,rfeltoe6e@statcounter.com
517124816,+86 932 811 4954,+86 234 417 7557,Southridge,cbassford6f@51.la
411941480,+234 458 652 8517,+86 439 104 7213,Forest Dale,jhatherill6g@state.tx.us
402388074,+86 468 490 1477,+62 759 822 3348,Ridgeview,kauguste6h@4shared.com
657740247,+86 119 138 0869,+62 997 343 9511,Mallard,mbarrowclough6i@networksolutions.com
271949829,+7 549 624 8769,+86 147 753 2454,Crownhardt,sgodlip6j@surveymonkey.com
711722799,+269 478 409 3931,+46 836 681 5848,Mandrake,nkilmurry6k@bizjournals.com
040424072,+66 580 682 0813,+52 415 563 7436,Moland,abelding6l@forbes.com
602877793,+30 720 119 1778,+48 136 685 5301,American Ash,dbending6m@wordpress.org
827177855,+234 592 763 0344,+95 638 243 1207,Dovetail,bdeakin6n@a8.net
098282440,+86 539 742 6487,+55 301 917 3415,Dapin,gpierse6o@blogger.com
590805416,+55 898 877 5221,+216 805 421 9156,Portage,jweekes6p@wsj.com
444466405,+691 809 916 7341,+33 365 266 3835,Carioca,msweeten6q@businesswire.com
128585253,+7 135 390 9611,+48 450 778 6875,Longview,eassad6r@seesaa.net
747423510,+62 161 223 8737,+48 371 837 0041,Bayside,idrakes6s@php.net
294987785,+33 288 536 2031,+86 900 254 5381,Clarendon,tkerins6t@ed.gov
355987290,+1 391 558 0336,+55 277 389 3679,Graceland,wcason6u@photobucket.com
779297267,+55 309 378 7157,+55 229 573 3405,Gerald,fjurzyk6v@squidoo.com
545821703,+62 903 538 7929,+234 242 560 4709,Lawn,mhofton6w@chron.com
304545767,+351 892 639 1958,+86 892 858 5084,Jackson,vworstall6x@usda.gov
